slug,name,category,borough,neighborhood,address,lat,lng,short_description,hero_image_url,tv0,tv1,tv2,tv3,tv4,tv5,tv6,tv7,tv8,tv9,crowd_level,price_tier,typical_price_usd,typical_duration_minutes,best_time,indoor_outdoor,popularity_seed
central-park,Central Park,park,manhattan,Central Park,"Central Park, New York, NY",40.7829,-73.9654,"843 acres of meadows, lakes and winding paths through the middle of Manhattan, with the Ramble and Bethesda Terrace at its heart.",https://upload.wikimedia.org/wikipedia/commons/thumb/f/f1/Global_Citizen_Festival_Central_Park_New_York_City_from_NYonAir_%2815351915006%29.jpg/1920px-Global_Citizen_Festival_Central_Park_New_York_City_from_NYonAir_%2815351915006%29.jpg,0.2,0.2,0.9,0.2,0.2,0.2,0.2,0.2,0.2,0.9,5,0,,45,morning,outdoor,95
the-metropolitan-museum-of-art,The Metropolitan Museum of Art,museum,manhattan,Upper East Side,"Upper East Side, New York, NY",40.7794,-73.9632,"Two million works spanning five thousand years, from Egyptian temples to the rooftop garden overlooking Central Park.",https://upload.wikimedia.org/wikipedia/commons/thumb/3/30/Metropolitan_Museum_of_Art_%28The_Met%29_-_Central_Park%2C_NYC.jpg/1920px-Metropolitan_Museum_of_Art_%28The_Met%29_-_Central_Park%2C_NYC.jpg,0.2,0.9,0.2,0.2,0.2,0.2,0.2,0.2,0.2,0.2,5,2,36.00,75,afternoon,indoor,90
museum-of-modern-art,Museum of Modern Art,museum,manhattan,Midtown,"Midtown, New York, NY",40.7614,-73.9776,"Starry Night, Campbell's Soup Cans and a sculpture garden, arranged across six floors of modern and contemporary work.",https://upload.wikimedia.org/wikipedia/commons/8/8b/MoMa_NY_USA_1.jpg,0.2,0.9,0.2,0.2,0.2,0.2,0.2,0.2,0.2,0.2,5,2,36.00,105,afternoon,indoor,85
american-museum-of-natural-history,American Museum of Natural History,museum,manhattan,Upper West Side,"Upper West Side, New York, NY",40.7813,-73.974,"Blue whale overhead, dinosaur halls upstairs and the Rose Center planetarium next door. Built for wandering.",https://upload.wikimedia.org/wikipedia/commons/thumb/e/ec/USA-NYC-American_Museum_of_Natural_History.JPG/1920px-USA-NYC-American_Museum_of_Natural_History.JPG,0.2,0.9,0.2,0.2,0.2,0.2,0.2,0.2,0.2,0.2,5,2,36.00,135,afternoon,indoor,80
solomon-r-guggenheim-museum,Solomon R. Guggenheim Museum,museum,manhattan,Upper East Side,"Upper East Side, New York, NY",40.783,-73.959,Frank Lloyd Wright's white spiral on Fifth Avenue. Take the lift up and walk the ramp down past the exhibitions.,https://upload.wikimedia.org/wikipedia/commons/thumb/f/ff/Solomon_R._Guggenheim_Museum_%2848059131351%29.jpg/1920px-Solomon_R._Guggenheim_Museum_%2848059131351%29.jpg,0.2,0.9,0.2,0.2,0.2,0.2,0.2,0.2,0.2,0.2,4,2,36.00,165,afternoon,indoor,75
whitney-museum-of-american-art,Whitney Museum of American Art,museum,manhattan,Meatpacking District,"Meatpacking District, New York, NY",40.7396,-74.0089,"American art from 1900 onward in a Renzo Piano building, with outdoor terraces looking over the High Line and the Hudson.",https://upload.wikimedia.org/wikipedia/commons/thumb/5/59/Whitney_Museum_of_American_Art_%2849051573133%29.jpg/1920px-Whitney_Museum_of_American_Art_%2849051573133%29.jpg,0.2,0.9,0.2,0.2,0.2,0.2,0.2,0.2,0.3,0.2,4,2,36.00,195,afternoon,indoor,70
tenement-museum,Tenement Museum,museum,manhattan,Lower East Side,"Lower East Side, New York, NY",40.7188,-73.99,"Guided tours through restored apartments at 97 Orchard Street, telling the stories of the immigrant families who lived in them.",https://upload.wikimedia.org/wikipedia/commons/thumb/5/50/97_Orchard_Street_Front.jpg/1920px-97_Orchard_Street_Front.jpg,0.2,0.9,0.2,0.2,0.2,0.2,0.2,0.2,0.2,0.2,5,2,36.00,45,afternoon,indoor,95
9-11-memorial-museum,9/11 Memorial Museum,museum,manhattan,Financial District,"Financial District, New York, NY",40.7115,-74.0134,"The twin reflecting pools sit in the tower footprints, with the museum below ground holding the slurry wall and the last column.",https://upload.wikimedia.org/wikipedia/commons/thumb/f/fc/9-11_Memorial_and_Museum_%2828815276064%29.jpg/1920px-9-11_Memorial_and_Museum_%2828815276064%29.jpg,0.2,0.9,0.2,0.2,0.2,0.2,0.2,0.2,0.2,0.2,5,2,36.00,75,afternoon,indoor,90
intrepid-museum,Intrepid Museum,museum,manhattan,Hell's Kitchen,"Hell's Kitchen, New York, NY",40.7645,-74.0,"An aircraft carrier moored on the Hudson, carrying a flight deck of jets, the Concorde and the shuttle Enterprise.",https://upload.wikimedia.org/wikipedia/commons/thumb/e/e6/Intrepid_Museum_%2849052290092%29.jpg/1920px-Intrepid_Museum_%2849052290092%29.jpg,0.2,0.9,0.2,0.2,0.2,0.2,0.2,0.2,0.2,0.2,5,2,36.00,105,afternoon,indoor,85
the-met-cloisters,The Met Cloisters,museum,manhattan,Fort Tryon Park,"Fort Tryon Park, New York, NY",40.8649,-73.9317,"Medieval European art in a hilltop building assembled from French cloisters, with herb gardens above the Hudson.",https://upload.wikimedia.org/wikipedia/commons/thumb/a/ac/The_Met_Cloisters.jpg/1920px-The_Met_Cloisters.jpg,0.2,0.9,0.2,0.2,0.2,0.2,0.2,0.2,0.2,0.2,5,2,36.00,135,afternoon,indoor,80
the-high-line,The High Line,park,manhattan,Chelsea,"Chelsea, New York, NY",40.748,-74.0048,A mile and a half of disused freight line replanted as an elevated walkway from Gansevoort Street to Hudson Yards.,https://upload.wikimedia.org/wikipedia/commons/5/5a/High_Line_Park%2C_Section_1a.jpg,0.2,0.2,0.9,0.2,0.2,0.2,0.2,0.2,0.2,0.9,4,0,,165,morning,outdoor,75
bryant-park,Bryant Park,park,manhattan,Midtown,"Midtown, New York, NY",40.7536,-73.9832,"A formal lawn behind the public library, with a carousel, free chairs everywhere and an ice rink through the winter.",https://upload.wikimedia.org/wikipedia/commons/thumb/a/a6/New-York_-_Bryant_Park.jpg/1920px-New-York_-_Bryant_Park.jpg,0.2,0.2,0.9,0.2,0.2,0.2,0.2,0.2,0.3,0.9,4,0,,195,morning,outdoor,70
washington-square-park,Washington Square Park,park,manhattan,Greenwich Village,"Greenwich Village, New York, NY",40.7308,-73.9973,"The marble arch, the fountain and a permanent circle of chess players, buskers and NYU students in Greenwich Village.",https://upload.wikimedia.org/wikipedia/commons/thumb/9/9c/Washington_Square_Arch-Isabella.jpg/1920px-Washington_Square_Arch-Isabella.jpg,0.2,0.2,0.9,0.2,0.2,0.2,0.2,0.2,0.2,0.9,5,0,,45,morning,outdoor,95
riverside-park,Riverside Park,park,manhattan,Upper West Side,"Upper West Side, New York, NY",40.8009,-73.9722,"Four miles of waterfront park along the Hudson, with the 79th Street boat basin and a promenade under the plane trees.",https://upload.wikimedia.org/wikipedia/commons/a/a3/Riverside_Park_03.jpg,0.2,0.2,0.9,0.2,0.2,0.2,0.2,0.2,0.2,0.9,5,0,,75,morning,outdoor,90
little-island,Little Island,park,manhattan,Chelsea,"Chelsea, New York, NY",40.742,-74.011,"A public park raised on tulip-shaped concrete piles over the Hudson, with an amphitheatre and layered planting.",https://upload.wikimedia.org/wikipedia/commons/thumb/9/95/Little_Island_at_Pier_55.jpg/1920px-Little_Island_at_Pier_55.jpg,0.2,0.2,0.9,0.2,0.2,0.2,0.2,0.2,0.2,0.9,5,0,,105,morning,outdoor,85
the-battery,The Battery,park,manhattan,Financial District,"Financial District, New York, NY",40.7033,-74.017,"The southern tip of Manhattan, with harbour views to Liberty Island, Castle Clinton and the SeaGlass carousel.",https://upload.wikimedia.org/wikipedia/commons/thumb/6/62/Battery_Park.JPG/1920px-Battery_Park.JPG,0.2,0.2,0.9,0.2,0.2,0.2,0.2,0.2,0.2,0.9,5,0,,135,morning,outdoor,80
madison-square-park,Madison Square Park,park,manhattan,Flatiron District,"Flatiron District, New York, NY",40.7423,-73.988,A small Flatiron green with rotating outdoor sculpture commissions and the original Shake Shack in the corner.,https://upload.wikimedia.org/wikipedia/commons/a/ac/Madison_Square_Park_from_Above_at_Night_New_York_City.jpg,0.2,0.2,0.9,0.2,0.2,0.2,0.2,0.2,0.2,0.9,4,0,,165,morning,outdoor,75
fort-tryon-park,Fort Tryon Park,park,manhattan,Hudson Heights,"Hudson Heights, New York, NY",40.8623,-73.933,"Terraced paths and one of the best Hudson views in the city, wrapped around the Cloisters at Manhattan's northern end.",https://upload.wikimedia.org/wikipedia/commons/thumb/c/ce/2013_Fort_Tryon_Park_main_entrance_sign_at_Margaret_Corbin_Circle_in_snow.jpg/1920px-2013_Fort_Tryon_Park_main_entrance_sign_at_Margaret_Corbin_Circle_in_snow.jpg,0.2,0.2,0.9,0.2,0.2,0.2,0.2,0.2,0.3,0.9,4,0,,195,morning,outdoor,70
empire-state-building,Empire State Building,viewpoint,manhattan,Midtown,"Midtown, New York, NY",40.7484,-73.9857,"The 1931 Art Deco tower, with observatories on the 86th and 102nd floors and a restored ceiling in the lobby.",https://upload.wikimedia.org/wikipedia/commons/1/10/Empire_State_Building_%28aerial_view%29.jpg,0.2,0.2,0.2,0.2,0.2,0.2,0.9,0.2,0.2,0.2,5,0,,45,morning,outdoor,95
top-of-the-rock,Top of the Rock,viewpoint,manhattan,Midtown,"Midtown, New York, NY",40.7593,-73.9794,"The Rockefeller Center observation deck, and the one place you can photograph the Empire State Building in the skyline.",https://upload.wikimedia.org/wikipedia/commons/thumb/8/82/Rockefeller_Center_logo.svg/1920px-Rockefeller_Center_logo.svg.png,0.2,0.2,0.2,0.2,0.2,0.2,0.9,0.2,0.2,0.2,5,0,,75,morning,outdoor,90
one-world-observatory,One World Observatory,viewpoint,manhattan,Financial District,"Financial District, New York, NY",40.7127,-74.0134,"Floors 100 to 102 of One World Trade Center, reached by a lift that animates four centuries of the city on the way up.",https://upload.wikimedia.org/wikipedia/commons/thumb/f/f1/One_WTC_logo.svg/1920px-One_WTC_logo.svg.png,0.2,0.2,0.2,0.2,0.2,0.2,0.9,0.2,0.2,0.2,5,0,,105,morning,outdoor,85
edge,Edge,viewpoint,manhattan,Hudson Yards,"Hudson Yards, New York, NY",40.7539,-74.0011,"A triangular sky deck jutting out from Hudson Yards, with angled glass walls and a glass floor panel to stand on.",https://upload.wikimedia.org/wikipedia/commons/thumb/b/bb/Hudson_Yards_from_Hudson_Commons_%2895131p%29_%2830_Hudson_Yards%29.jpg/1920px-Hudson_Yards_from_Hudson_Commons_%2895131p%29_%2830_Hudson_Yards%29.jpg,0.2,0.2,0.2,0.2,0.2,0.2,0.9,0.2,0.2,0.2,5,0,,135,morning,outdoor,80
summit-one-vanderbilt,SUMMIT One Vanderbilt,viewpoint,manhattan,Midtown,"Midtown, New York, NY",40.7527,-73.9785,"Mirrored rooms, a reflective floor and glass ledges cantilevered over Madison Avenue, next to Grand Central.",https://upload.wikimedia.org/wikipedia/commons/thumb/0/00/One_Vanderbilt_April_2023.jpg/1920px-One_Vanderbilt_April_2023.jpg,0.2,0.2,0.2,0.2,0.2,0.2,0.9,0.2,0.2,0.2,4,0,,165,morning,outdoor,75
flatiron-building,Flatiron Building,landmark,manhattan,Flatiron District,"Flatiron District, New York, NY",40.7411,-73.9897,"The 1902 wedge at the junction of Broadway and Fifth, still one of the most photographed corners in the city.",https://upload.wikimedia.org/wikipedia/commons/c/c3/Edificio_Fuller_%28Flatiron%29_en_2010_desde_el_Empire_State_crop_boxin.jpg,0.9,0.2,0.2,0.2,0.2,0.2,0.9,0.2,0.3,0.2,4,0,,195,morning,outdoor,70
grand-central-terminal,Grand Central Terminal,landmark,manhattan,Midtown,"Midtown, New York, NY",40.7527,-73.9772,"The Beaux-Arts main concourse, its green astronomical ceiling, the whispering gallery and a lower-level dining hall.",https://upload.wikimedia.org/wikipedia/commons/thumb/7/71/Image-Grand_central_Station_Outside_Night_2.jpg/1920px-Image-Grand_central_Station_Outside_Night_2.jpg,0.9,0.2,0.2,0.2,0.2,0.2,0.9,0.2,0.2,0.2,5,0,,45,morning,outdoor,95
rockefeller-center,Rockefeller Center,landmark,manhattan,Midtown,"Midtown, New York, NY",40.7587,-73.9787,A complex of Art Deco towers around a sunken plaza that holds the skating rink and the Christmas tree.,https://upload.wikimedia.org/wikipedia/commons/thumb/8/82/Rockefeller_Center_logo.svg/1920px-Rockefeller_Center_logo.svg.png,0.9,0.2,0.2,0.2,0.2,0.2,0.9,0.2,0.6,0.2,3,0,,75,morning,outdoor,43
times-square,Times Square,landmark,manhattan,Theater District,"Theater District, New York, NY",40.758,-73.9855,"The crossroads of Broadway and Seventh, lit around the clock by billboards. Loud, crowded and unmistakably New York.",https://upload.wikimedia.org/wikipedia/commons/thumb/4/47/New_york_times_square-terabass.jpg/1920px-New_york_times_square-terabass.jpg,0.9,0.2,0.2,0.2,0.2,0.2,0.9,0.2,0.5,0.2,3,0,,105,morning,outdoor,48
statue-of-liberty,Statue of Liberty,landmark,manhattan,Liberty Island,"Liberty Island, New York, NY",40.6892,-74.0445,"Bartholdi's copper figure on Liberty Island, reached by ferry from the Battery, with pedestal and crown tickets sold separately.",https://upload.wikimedia.org/wikipedia/commons/thumb/8/89/Front_view_of_Statue_of_Liberty_%28cropped%29.jpg/1920px-Front_view_of_Statue_of_Liberty_%28cropped%29.jpg,0.9,0.2,0.2,0.2,0.2,0.2,0.9,0.2,0.5,0.2,3,0,,135,morning,outdoor,53
chinatown,Chinatown,neighborhood,manhattan,Chinatown,"Chinatown, New York, NY",40.7158,-73.997,"Dense blocks of markets, bakeries and dumpling shops around Mott and Canal, with Columbus Park busy from early morning.",https://upload.wikimedia.org/wikipedia/commons/thumb/c/ca/2024-05-20_13_32_04_View_west_along_East_Broadway_from_the_Manhattan_Bridge_in_Manhattan%2C_New_York_City%2C_New_York.jpg/1920px-2024-05-20_13_32_04_View_west_along_East_Broadway_from_the_Manhattan_Bridge_in_Manhattan%2C_New_York_City%2C_New_York.jpg,0.2,0.2,0.2,0.2,0.2,0.2,0.2,0.2,0.9,0.2,3,0,,165,morning,outdoor,58
harlem,Harlem,neighborhood,manhattan,Harlem,"Harlem, New York, NY",40.8116,-73.9465,"Brownstone streets, gospel Sundays and a long musical history around 125th Street and Marcus Garvey Park.",https://upload.wikimedia.org/wikipedia/commons/a/a6/Harlem_04.jpg,0.2,0.2,0.2,0.2,0.2,0.2,0.2,0.2,0.9,0.2,4,0,,195,morning,outdoor,63
greenwich-village,Greenwich Village,neighborhood,manhattan,Greenwich Village,"Greenwich Village, New York, NY",40.7336,-74.0027,"Low brick townhouses on crooked streets, jazz basements and the cafes around Bleecker and MacDougal.",https://upload.wikimedia.org/wikipedia/commons/thumb/c/c4/Greenwich_Village_%2827483343909%29.jpg/1920px-Greenwich_Village_%2827483343909%29.jpg,0.2,0.2,0.2,0.2,0.2,0.2,0.2,0.2,0.9,0.2,2,0,,45,morning,outdoor,38
soho,SoHo,neighborhood,manhattan,SoHo,"SoHo, New York, NY",40.7233,-74.003,"The largest concentration of cast-iron architecture anywhere, with flagship shops filling the ground floors.",https://upload.wikimedia.org/wikipedia/commons/thumb/3/34/Cast_Iron_Grand_Crosby_jeh_crop.jpg/1920px-Cast_Iron_Grand_Crosby_jeh_crop.jpg,0.2,0.2,0.2,0.2,0.2,0.2,0.2,0.2,0.9,0.2,3,0,,75,morning,outdoor,43
lower-east-side,Lower East Side,neighborhood,manhattan,Lower East Side,"Lower East Side, New York, NY",40.715,-73.9843,"Tenement blocks turned over to galleries, record shops, bars and the old appetizing stores that stayed put.",https://upload.wikimedia.org/wikipedia/commons/b/b9/Orchard_St_looking_south_at_Rivington_St.jpg,0.2,0.2,0.2,0.2,0.2,0.2,0.2,0.2,0.9,0.2,3,0,,105,morning,outdoor,48
little-italy,Little Italy,neighborhood,manhattan,Little Italy,"Little Italy, New York, NY",40.7191,-73.9973,"A few surviving blocks of Mulberry Street, with pastry counters, red-sauce restaurants and the San Gennaro feast.",https://upload.wikimedia.org/wikipedia/commons/thumb/9/9d/Little_Italy_-_Manhattan_%2851624758690%29.jpg/1920px-Little_Italy_-_Manhattan_%2851624758690%29.jpg,0.2,0.2,0.2,0.2,0.2,0.2,0.2,0.2,0.9,0.2,3,0,,135,morning,outdoor,53
chelsea-market,Chelsea Market,market,manhattan,Chelsea,"Chelsea, New York, NY",40.7425,-74.0061,"A food hall in the old Nabisco factory where the Oreo was invented, opening straight onto the High Line.",https://upload.wikimedia.org/wikipedia/commons/thumb/4/41/Chelsea_Market_%2849052085186%29.jpg/1920px-Chelsea_Market_%2849052085186%29.jpg,0.2,0.2,0.2,0.9,0.2,0.9,0.2,0.2,0.4,0.2,3,1,18.00,165,afternoon,indoor,58
essex-market,Essex Market,market,manhattan,Lower East Side,"Lower East Side, New York, NY",40.7185,-73.9877,"A public market trading since 1940, now in a new hall on Delancey with produce, fishmongers and prepared food upstairs.",https://upload.wikimedia.org/wikipedia/commons/thumb/f/f9/Essex_Market_%2851623898821%29.jpg/1920px-Essex_Market_%2851623898821%29.jpg,0.2,0.2,0.2,0.9,0.2,0.9,0.2,0.2,0.4,0.2,4,2,36.00,195,afternoon,indoor,63
union-square-greenmarket,Union Square Greenmarket,market,manhattan,Union Square,"Union Square, New York, NY",40.7359,-73.9911,"Regional farmers fill the north end of Union Square four days a week, year round, whatever the weather.",https://upload.wikimedia.org/wikipedia/commons/thumb/4/4a/1_new_york_city_union_square_2010.JPG/1920px-1_new_york_city_union_square_2010.JPG,0.2,0.2,0.2,0.9,0.2,0.9,0.2,0.2,0.6,0.2,2,1,18.00,45,afternoon,indoor,38
the-drawing-center,The Drawing Center,gallery,manhattan,SoHo,"SoHo, New York, NY",40.7222,-74.0026,"The only museum in the country devoted to drawing, showing historical and contemporary work in a SoHo loft.",https://upload.wikimedia.org/wikipedia/commons/thumb/2/2a/The_Drawing_Center_-_NYC_%2848129060193%29.jpg/1920px-The_Drawing_Center_-_NYC_%2848129060193%29.jpg,0.2,0.9,0.2,0.2,0.2,0.2,0.2,0.2,0.6,0.2,3,0,,75,morning,indoor,43
apollo-theater,Apollo Theater,theater,manhattan,Harlem,"Harlem, New York, NY",40.81,-73.95,"The Harlem stage where Amateur Night launched Ella Fitzgerald and James Brown, still running weekly.",https://upload.wikimedia.org/wikipedia/commons/thumb/d/de/Harlem_-_Apollo_Theater_%2848555309512%29.jpg/1920px-Harlem_-_Apollo_Theater_%2848555309512%29.jpg,0.2,0.9,0.2,0.2,0.9,0.2,0.2,0.2,0.5,0.2,3,3,54.00,105,afternoon,indoor,48
broadway-theater-district,Broadway Theater District,theater,manhattan,Theater District,"Theater District, New York, NY",40.759,-73.9845,"Forty-one theatres in the blocks around Times Square, with the TKTS steps selling same-day seats at a discount.",https://upload.wikimedia.org/wikipedia/commons/thumb/c/cd/Various_Pictures_from_New_York_City_-_September%2C_2025.jpg/1920px-Various_Pictures_from_New_York_City_-_September%2C_2025.jpg,0.2,0.9,0.2,0.2,0.9,0.2,0.2,0.2,0.5,0.2,3,3,54.00,135,afternoon,indoor,53
lincoln-center,Lincoln Center,venue,manhattan,Lincoln Square,"Lincoln Square, New York, NY",40.7725,-73.9835,"A campus for the Metropolitan Opera, the Philharmonic and City Ballet, arranged around a travertine plaza and fountain.",https://upload.wikimedia.org/wikipedia/commons/thumb/2/24/Lincoln_Center_Overview_%2848047495362%29.jpg/1920px-Lincoln_Center_Overview_%2848047495362%29.jpg,0.2,0.2,0.2,0.2,0.9,0.2,0.2,0.2,0.4,0.2,3,3,54.00,165,afternoon,indoor,58
radio-city-music-hall,Radio City Music Hall,venue,manhattan,Midtown,"Midtown, New York, NY",40.76,-73.98,"A 1932 Art Deco hall with the largest proscenium in the world, home to the Rockettes and their Christmas show.",https://upload.wikimedia.org/wikipedia/commons/thumb/f/ff/Radio_City_Music_Hall_%2851395756913%29.jpg/1920px-Radio_City_Music_Hall_%2851395756913%29.jpg,0.2,0.2,0.2,0.2,0.9,0.2,0.2,0.2,0.4,0.2,4,3,54.00,195,afternoon,indoor,63
carnegie-hall,Carnegie Hall,venue,manhattan,Midtown,"Midtown, New York, NY",40.7651,-73.9799,The 1891 concert hall on 57th Street whose main auditorium is still considered among the finest anywhere for sound.,https://upload.wikimedia.org/wikipedia/commons/thumb/2/26/Carnegie_Hall_-_Full_%2848155558466%29.jpg/1920px-Carnegie_Hall_-_Full_%2848155558466%29.jpg,0.2,0.2,0.2,0.2,0.9,0.2,0.2,0.2,0.6,0.2,2,3,54.00,45,afternoon,indoor,38
blue-note-jazz-club,Blue Note Jazz Club,venue,manhattan,Greenwich Village,"Greenwich Village, New York, NY",40.731,-74.0007,"A small Greenwich Village room booking major jazz names two sets a night, with tables tight against the stage.",https://upload.wikimedia.org/wikipedia/commons/c/c6/Blue_Note_Jazz_Club%2C_New_York_City.jpg,0.2,0.2,0.2,0.2,0.9,0.2,0.2,0.2,0.6,0.2,3,3,54.00,75,afternoon,indoor,43
pier-17,Pier 17,waterfront,manhattan,Seaport,"Seaport, New York, NY",40.7057,-74.0027,A rebuilt Seaport pier with a rooftop concert lawn looking straight at the Brooklyn Bridge and the East River.,https://upload.wikimedia.org/wikipedia/commons/e/e1/South_Street_Seaport%2C_Detroit_Photographic_Company_%280616%29.jpg,0.2,0.2,0.9,0.2,0.2,0.2,0.2,0.2,0.5,0.2,3,0,,105,morning,outdoor,48
hudson-river-park,Hudson River Park,waterfront,manhattan,West Village,"West Village, New York, NY",40.734,-74.01,"Four miles of piers, lawns and bike path along the west side, running from the Battery up to 59th Street.",https://upload.wikimedia.org/wikipedia/commons/thumb/5/5d/HRPKsep2021.png/1920px-HRPKsep2021.png,0.2,0.2,0.9,0.2,0.2,0.2,0.2,0.2,0.5,0.2,3,0,,135,morning,outdoor,53
east-river-esplanade,East River Esplanade,waterfront,manhattan,Upper East Side,"Upper East Side, New York, NY",40.774,-73.944,"A quiet waterfront walk on the Upper East Side, looking across to Roosevelt Island and the Queensboro Bridge.",https://upload.wikimedia.org/wikipedia/commons/thumb/a/a7/East_River_at_Stuyvesant_Cove_Park_%283356237699%29.jpg/1920px-East_River_at_Stuyvesant_Cove_Park_%283356237699%29.jpg,0.2,0.2,0.9,0.2,0.2,0.2,0.2,0.2,0.4,0.2,3,0,,165,morning,outdoor,58
south-street-seaport,South Street Seaport,waterfront,manhattan,Seaport,"Seaport, New York, NY",40.7064,-74.0035,"Cobbled streets and nineteenth-century counting houses beside the East River, with historic ships tied up at the pier.",https://upload.wikimedia.org/wikipedia/commons/e/e1/South_Street_Seaport%2C_Detroit_Photographic_Company_%280616%29.jpg,0.2,0.2,0.9,0.2,0.2,0.2,0.2,0.2,0.4,0.2,4,0,,195,morning,outdoor,63
conservatory-garden,Conservatory Garden,garden,manhattan,East Harlem,"East Harlem, New York, NY",40.794,-73.952,"Central Park's only formal garden, six acres in Italian, French and English styles, entered through the Vanderbilt Gate.",https://upload.wikimedia.org/wikipedia/commons/thumb/0/0b/Central_Park_23.jpg/1920px-Central_Park_23.jpg,0.2,0.2,0.9,0.2,0.2,0.2,0.2,0.2,0.6,0.9,2,0,,45,morning,outdoor,38
jefferson-market-garden,Jefferson Market Garden,garden,manhattan,Greenwich Village,"Greenwich Village, New York, NY",40.7345,-74.0008,"A volunteer-run garden on the site of a former jail, beside the Victorian Gothic Jefferson Market Library.",https://upload.wikimedia.org/wikipedia/commons/thumb/6/62/Jefferson_Market_Library_at_sunset.jpg/1920px-Jefferson_Market_Library_at_sunset.jpg,0.2,0.2,0.9,0.2,0.2,0.2,0.2,0.2,0.6,0.9,3,0,,75,morning,outdoor,43
heather-garden,Heather Garden,garden,manhattan,Fort Tryon Park,"Fort Tryon Park, New York, NY",40.8606,-73.9337,"Three acres of heath and perennial planting on a ridge in Fort Tryon Park, with the Hudson and the Palisades below.",https://upload.wikimedia.org/wikipedia/commons/thumb/c/ce/2013_Fort_Tryon_Park_main_entrance_sign_at_Margaret_Corbin_Circle_in_snow.jpg/1920px-2013_Fort_Tryon_Park_main_entrance_sign_at_Margaret_Corbin_Circle_in_snow.jpg,0.2,0.2,0.9,0.2,0.2,0.2,0.2,0.2,0.5,0.9,3,0,,105,morning,outdoor,48
federal-hall,Federal Hall,historic_site,manhattan,Financial District,"Financial District, New York, NY",40.7074,-74.0104,"Where Washington took the first presidential oath, marked by his statue on the steps opposite the Stock Exchange.",https://upload.wikimedia.org/wikipedia/commons/thumb/e/ee/Federal_Hall_%2848126566178%29.jpg/1920px-Federal_Hall_%2848126566178%29.jpg,0.9,0.2,0.2,0.2,0.2,0.2,0.2,0.2,0.5,0.2,3,0,,135,morning,outdoor,53
hamilton-grange,Hamilton Grange,historic_site,manhattan,Hamilton Heights,"Hamilton Heights, New York, NY",40.8199,-73.9465,"Alexander Hamilton's country house, moved twice and restored in St Nicholas Park with its original room plan.",https://upload.wikimedia.org/wikipedia/commons/thumb/0/07/Hamilton_Grange_National_Memorial_-_Entrance_%2848170424452%29.jpg/1920px-Hamilton_Grange_National_Memorial_-_Entrance_%2848170424452%29.jpg,0.9,0.2,0.2,0.2,0.2,0.2,0.2,0.2,0.4,0.2,3,0,,165,morning,outdoor,58
morris-jumel-mansion,Morris-Jumel Mansion,historic_site,manhattan,Washington Heights,"Washington Heights, New York, NY",40.8347,-73.9377,"Manhattan's oldest surviving house, built 1765, used by Washington as a headquarters during the battle for New York.",https://upload.wikimedia.org/wikipedia/commons/thumb/f/fc/2014_Morris-Jumel_Mansion_from_southwest.jpg/1920px-2014_Morris-Jumel_Mansion_from_southwest.jpg,0.9,0.2,0.2,0.2,0.2,0.2,0.2,0.2,0.4,0.2,4,0,,195,morning,outdoor,63
brooklyn-bridge,Brooklyn Bridge,bridge,manhattan,Civic Center,"Civic Center, New York, NY",40.7061,-73.9969,"The 1883 granite-and-steel crossing to Brooklyn, with a raised pedestrian promenade running down the centre of the span.",https://upload.wikimedia.org/wikipedia/commons/thumb/f/f0/Brooklyn_Bridge_and_the_Lower_Manhattan_skyline_from_Pebble_Beach%2C_New_York.jpg/1920px-Brooklyn_Bridge_and_the_Lower_Manhattan_skyline_from_Pebble_Beach%2C_New_York.jpg,0.2,0.2,0.2,0.2,0.2,0.2,0.9,0.9,0.6,0.2,2,0,,45,morning,outdoor,38
manhattan-bridge,Manhattan Bridge,bridge,manhattan,Chinatown,"Chinatown, New York, NY",40.7075,-73.9903,"The quieter East River crossing, with a walkway that gives the classic view back at the Brooklyn Bridge.",https://upload.wikimedia.org/wikipedia/commons/thumb/e/ed/Manhattan_Bridge_January_2023_003.jpg/1920px-Manhattan_Bridge_January_2023_003.jpg,0.2,0.2,0.2,0.2,0.2,0.2,0.9,0.9,0.6,0.2,3,0,,75,morning,outdoor,43
madison-square-garden,Madison Square Garden,sports_venue,manhattan,Midtown,"Midtown, New York, NY",40.7505,-73.9934,"The arena above Penn Station, home to the Knicks and the Rangers and a constant concert schedule.",https://upload.wikimedia.org/wikipedia/commons/thumb/4/4b/Madison_Square_Garden_%28MSG%29_-_Full_%2848124330357%29.jpg/1920px-Madison_Square_Garden_%28MSG%29_-_Full_%2848124330357%29.jpg,0.2,0.2,0.2,0.2,0.2,0.2,0.2,0.9,0.5,0.2,3,3,54.00,105,afternoon,outdoor,48
chelsea-piers,Chelsea Piers,sports_venue,manhattan,Chelsea,"Chelsea, New York, NY",40.7466,-74.0086,"A sports complex built into four Hudson River piers, with golf, climbing, skating and batting cages.",https://upload.wikimedia.org/wikipedia/commons/f/f2/Chelsea_Piers.jpg,0.2,0.2,0.2,0.2,0.2,0.2,0.2,0.9,0.5,0.2,3,3,54.00,135,afternoon,outdoor,53
circle-line-sightseeing-cruises,Circle Line Sightseeing Cruises,tour_experience,manhattan,Hell's Kitchen,"Hell's Kitchen, New York, NY",40.7625,-74.0002,"Sightseeing boats from Pier 83 that run the full loop around Manhattan, narrated, in about two and a half hours.",https://upload.wikimedia.org/wikipedia/commons/f/f9/CL_Classic_Logo_80_Yrs.png,0.9,0.2,0.2,0.2,0.2,0.2,0.2,0.2,0.4,0.9,3,2,36.00,165,afternoon,outdoor,58
roosevelt-island-tramway,Roosevelt Island Tramway,tour_experience,manhattan,Upper East Side,"Upper East Side, New York, NY",40.7614,-73.9639,A commuter cable car over the East River that costs a subway fare and gives an unmatched midtown view.,https://upload.wikimedia.org/wikipedia/commons/thumb/9/94/Roosevelt_Island_tramcar_2010.jpg/1920px-Roosevelt_Island_tramcar_2010.jpg,0.9,0.2,0.2,0.2,0.2,0.2,0.2,0.2,0.4,0.9,4,2,36.00,195,afternoon,outdoor,63
brooklyn-museum,Brooklyn Museum,museum,brooklyn,Prospect Heights,"Prospect Heights, New York, NY",40.6712,-73.9636,"A vast collection strong in Egyptian art and American painting, with the Sackler Center's Dinner Party on permanent show.",https://upload.wikimedia.org/wikipedia/commons/thumb/3/3a/Brooklyn_Museum_-_Entrance_%2852302265063%29.jpg/1920px-Brooklyn_Museum_-_Entrance_%2852302265063%29.jpg,0.2,0.9,0.2,0.2,0.2,0.2,0.2,0.2,0.6,0.2,2,2,36.00,45,afternoon,indoor,38
new-york-transit-museum,New York Transit Museum,museum,brooklyn,Downtown Brooklyn,"Downtown Brooklyn, New York, NY",40.6906,-73.9903,"Housed in a decommissioned 1936 subway station, with a platform of vintage cars you can walk through.",https://upload.wikimedia.org/wikipedia/commons/thumb/9/96/New_York_Transit_Museum_logo.svg/1920px-New_York_Transit_Museum_logo.svg.png,0.2,0.9,0.2,0.2,0.2,0.2,0.2,0.2,0.6,0.2,3,2,36.00,75,afternoon,indoor,43
brooklyn-children-s-museum,Brooklyn Children's Museum,museum,brooklyn,Crown Heights,"Crown Heights, New York, NY",40.6745,-73.9442,"The first museum built for children anywhere, opened 1899, with hands on exhibits across a green-roofed building.",https://upload.wikimedia.org/wikipedia/commons/thumb/f/ff/Brooklyn_Children%27s_Museum_logo.svg/1920px-Brooklyn_Children%27s_Museum_logo.svg.png,0.2,0.9,0.2,0.2,0.2,0.2,0.2,0.2,0.5,0.2,3,2,36.00,105,afternoon,indoor,48
the-city-reliquary,The City Reliquary,museum,brooklyn,Williamsburg,"Williamsburg, New York, NY",40.7113,-73.9539,"A tiny volunteer museum of New York ephemera: subway tokens, seltzer bottles, Statue of Liberty souvenirs.",https://upload.wikimedia.org/wikipedia/commons/thumb/8/81/City_Reliquary_%2857305%29.jpg/1920px-City_Reliquary_%2857305%29.jpg,0.2,0.9,0.2,0.2,0.2,0.2,0.2,0.2,0.5,0.2,3,2,36.00,135,afternoon,indoor,53
prospect-park,Prospect Park,park,brooklyn,Prospect Park,"Prospect Park, New York, NY",40.6602,-73.969,"Olmsted and Vaux's second park, with the Long Meadow, a ravine of old-growth forest and the city's only lake.",https://upload.wikimedia.org/wikipedia/commons/thumb/3/3a/Prospect_Park_New_York_October_2015_003.jpg/1920px-Prospect_Park_New_York_October_2015_003.jpg,0.2,0.2,0.9,0.2,0.2,0.2,0.2,0.2,0.4,0.9,3,0,,165,morning,outdoor,58
brooklyn-bridge-park,Brooklyn Bridge Park,park,brooklyn,DUMBO,"DUMBO, New York, NY",40.7003,-73.9967,"Eighty-five acres along the East River piers, with Jane's Carousel and the best skyline view in the city at dusk.",https://upload.wikimedia.org/wikipedia/commons/a/af/View_of_Brooklyn_Bridge_Park_from_Manhattan_Bridge.jpg,0.2,0.2,0.9,0.2,0.2,0.2,0.2,0.2,0.4,0.9,4,0,,195,morning,outdoor,63
mccarren-park,McCarren Park,park,brooklyn,Williamsburg,"Williamsburg, New York, NY",40.7203,-73.9502,"The open green between Williamsburg and Greenpoint, with a running track, ball fields and a 1936 pool.",https://upload.wikimedia.org/wikipedia/commons/thumb/a/a4/McCarren_Park_house_Bettina_jeh.jpg/1920px-McCarren_Park_house_Bettina_jeh.jpg,0.2,0.2,0.9,0.2,0.2,0.2,0.2,0.2,0.6,0.9,2,0,,45,morning,outdoor,38
fort-greene-park,Fort Greene Park,park,brooklyn,Fort Greene,"Fort Greene, New York, NY",40.6915,-73.974,"A hilltop park by Olmsted and Vaux, crowned by the Prison Ship Martyrs Monument and its granite stairs.",https://upload.wikimedia.org/wikipedia/commons/thumb/9/9c/Detroit_Photographic_Company_%280684%29.jpg/1920px-Detroit_Photographic_Company_%280684%29.jpg,0.2,0.2,0.9,0.2,0.2,0.2,0.2,0.2,0.6,0.9,3,0,,75,morning,outdoor,43
sunset-park,Sunset Park,park,brooklyn,Sunset Park,"Sunset Park, New York, NY",40.6455,-74.005,"The park the neighborhood is named for, with a view across the harbour taking in both the skyline and the Statue of Liberty.",https://upload.wikimedia.org/wikipedia/commons/thumb/e/ea/Sunset_Play_Center_ext_jeh_crop.jpg/1920px-Sunset_Play_Center_ext_jeh_crop.jpg,0.2,0.2,0.9,0.2,0.2,0.2,0.2,0.2,0.5,0.9,3,0,,105,morning,outdoor,48
marine-park,Marine Park,park,brooklyn,Marine Park,"Marine Park, New York, NY",40.599,-73.927,"Brooklyn's largest park, wrapped around a salt marsh with a boardwalk trail through the grasses and tidal creek.",https://upload.wikimedia.org/wikipedia/commons/6/6e/GerristenAvenue.jpg,0.2,0.2,0.9,0.2,0.2,0.2,0.2,0.2,0.5,0.9,3,0,,135,morning,outdoor,53
domino-park,Domino Park,park,brooklyn,Williamsburg,"Williamsburg, New York, NY",40.7144,-73.9679,"Built on the old Domino Sugar refinery site, keeping the syrup tanks and cranes as structure along the waterfront.",https://upload.wikimedia.org/wikipedia/commons/thumb/f/f2/Domino_Park%2C_Brooklyn%2C_New_York_City_%28June_2018%29.jpg/1920px-Domino_Park%2C_Brooklyn%2C_New_York_City_%28June_2018%29.jpg,0.2,0.2,0.9,0.2,0.2,0.2,0.2,0.2,0.4,0.9,3,0,,165,morning,outdoor,58
bushwick-inlet-park,Bushwick Inlet Park,park,brooklyn,Greenpoint,"Greenpoint, New York, NY",40.7222,-73.9614,"A green waterfront strip on the Greenpoint side of the inlet, looking straight across at midtown Manhattan.",https://upload.wikimedia.org/wikipedia/commons/thumb/9/95/Bushwick_Inlet_Park_from_Community_Center_Roof_crop.JPG/1920px-Bushwick_Inlet_Park_from_Community_Center_Roof_crop.JPG,0.2,0.2,0.9,0.2,0.2,0.2,0.2,0.2,0.4,0.9,4,0,,195,morning,outdoor,63
brooklyn-botanic-garden,Brooklyn Botanic Garden,garden,brooklyn,Prospect Heights,"Prospect Heights, New York, NY",40.668,-73.9632,Fifty-two acres including a Japanese hill-and-pond garden and the cherry esplanade that draws crowds each spring.,https://upload.wikimedia.org/wikipedia/commons/1/1c/Brooklyn_botanic_garden_fragrance_garden_gate.jpg,0.2,0.2,0.9,0.2,0.2,0.2,0.2,0.2,0.6,0.9,2,0,,45,morning,outdoor,38
narrows-botanical-gardens,Narrows Botanical Gardens,garden,brooklyn,Bay Ridge,"Bay Ridge, New York, NY",40.6218,-74.0356,"A volunteer-built garden along the Bay Ridge shore, with a native plant meadow and views of the Verrazzano.",https://upload.wikimedia.org/wikipedia/commons/thumb/4/4e/Bay_Ridge_Parkway_Row_Houses.jpg/1920px-Bay_Ridge_Parkway_Row_Houses.jpg,0.2,0.2,0.9,0.2,0.2,0.2,0.2,0.2,0.6,0.9,3,0,,75,morning,outdoor,43
6-15-green-community-garden,6/15 Green Community Garden,garden,brooklyn,Park Slope,"Park Slope, New York, NY",40.668,-73.984,"A small Park Slope community garden run by neighbours, open on weekends and planted for pollinators.",https://upload.wikimedia.org/wikipedia/commons/thumb/a/a3/Park_Slope_-_Brooklyn_%2855268725540%29.jpg/1920px-Park_Slope_-_Brooklyn_%2855268725540%29.jpg,0.2,0.2,0.9,0.2,0.2,0.2,0.2,0.2,0.5,0.9,3,0,,105,morning,outdoor,48
green-wood-cemetery,Green-Wood Cemetery,historic_site,brooklyn,Greenwood Heights,"Greenwood Heights, New York, NY",40.6579,-73.994,"478 acres of Victorian funerary landscape on Brooklyn's highest hill, with monk parakeets nesting in the gatehouse.",https://upload.wikimedia.org/wikipedia/commons/thumb/1/18/Green-Wood_Cemetery_gate_%2853784p%29_cropped.jpg/1920px-Green-Wood_Cemetery_gate_%2853784p%29_cropped.jpg,0.9,0.2,0.2,0.2,0.2,0.2,0.2,0.2,0.5,0.2,3,0,,135,morning,outdoor,53
old-stone-house,Old Stone House,historic_site,brooklyn,Park Slope,"Park Slope, New York, NY",40.6714,-73.984,"A reconstructed Dutch farmhouse marking the Battle of Brooklyn, now a small museum inside Washington Park.",https://upload.wikimedia.org/wikipedia/commons/thumb/e/e1/Old-stone-house-brooklyn.JPG/1920px-Old-stone-house-brooklyn.JPG,0.9,0.2,0.2,0.2,0.2,0.2,0.2,0.2,0.4,0.2,3,0,,165,morning,outdoor,58
weeksville-heritage-center,Weeksville Heritage Center,historic_site,brooklyn,Crown Heights,"Crown Heights, New York, NY",40.6767,-73.9218,"Four surviving houses of one of the first free Black communities in the country, preserved on their original lane.",https://upload.wikimedia.org/wikipedia/en/7/76/Weeksville_brooklyn_map.png,0.9,0.2,0.2,0.2,0.2,0.2,0.2,0.2,0.4,0.2,4,0,,195,morning,outdoor,63
wyckoff-house-museum,Wyckoff House Museum,historic_site,brooklyn,Canarsie,"Canarsie, New York, NY",40.6446,-73.9204,"The oldest building in New York City, a Dutch saltbox dating to about 1652, with a working kitchen garden.",https://upload.wikimedia.org/wikipedia/commons/thumb/6/6f/Wyckoff_House.jpg/1920px-Wyckoff_House.jpg,0.9,0.2,0.2,0.2,0.2,0.2,0.2,0.2,0.6,0.2,2,0,,45,morning,outdoor,38
brooklyn-heights-promenade,Brooklyn Heights Promenade,viewpoint,brooklyn,Brooklyn Heights,"Brooklyn Heights, New York, NY",40.6961,-73.9967,"A cantilevered walkway over the BQE, giving an uninterrupted view of Lower Manhattan and the harbour.",https://upload.wikimedia.org/wikipedia/commons/thumb/9/90/Brooklyn_Heights_Promenade_%2855268460453%29.jpg/1920px-Brooklyn_Heights_Promenade_%2855268460453%29.jpg,0.2,0.2,0.2,0.2,0.2,0.2,0.9,0.2,0.6,0.2,3,0,,75,morning,outdoor,43
the-william-vale-rooftop,The William Vale Rooftop,viewpoint,brooklyn,Williamsburg,"Williamsburg, New York, NY",40.7215,-73.9585,"A Williamsburg hotel roof twenty-two floors up, with a wraparound terrace facing the Manhattan skyline.",https://upload.wikimedia.org/wikipedia/commons/e/ee/WilliamsburgBK.jpg,0.2,0.2,0.2,0.2,0.2,0.2,0.9,0.2,0.5,0.2,3,0,,105,morning,outdoor,48
time-out-market-rooftop,Time Out Market Rooftop,viewpoint,brooklyn,DUMBO,"DUMBO, New York, NY",40.703,-73.9905,"The top floor of the DUMBO food hall, opening onto a terrace between the Brooklyn and Manhattan bridges.",https://upload.wikimedia.org/wikipedia/commons/b/b4/DUMBO_Brooklyn%2C_as_seen_from_the_viewing_gallery_of_One_World_Trade_Center.jpg,0.2,0.2,0.2,0.2,0.2,0.2,0.9,0.2,0.5,0.2,3,0,,135,morning,outdoor,53
dumbo,DUMBO,neighborhood,brooklyn,DUMBO,"DUMBO, New York, NY",40.7033,-73.9881,"Cobbled streets under the bridge approaches, with the Washington Street view of the Empire State framed by the arches.",https://upload.wikimedia.org/wikipedia/commons/b/b4/DUMBO_Brooklyn%2C_as_seen_from_the_viewing_gallery_of_One_World_Trade_Center.jpg,0.2,0.2,0.2,0.2,0.2,0.2,0.2,0.2,0.9,0.2,3,0,,165,morning,outdoor,58
williamsburg,Williamsburg,neighborhood,brooklyn,Williamsburg,"Williamsburg, New York, NY",40.7081,-73.9571,"Warehouse blocks turned to music venues, vintage shops and waterfront bars, with the L train straight in from Manhattan.",https://upload.wikimedia.org/wikipedia/commons/e/ee/WilliamsburgBK.jpg,0.2,0.2,0.2,0.2,0.2,0.2,0.2,0.2,0.9,0.2,4,0,,195,morning,outdoor,63
bushwick,Bushwick,neighborhood,brooklyn,Bushwick,"Bushwick, New York, NY",40.6944,-73.9213,"Industrial streets covered in commissioned murals around the Bushwick Collective, with galleries in the old lofts.",https://upload.wikimedia.org/wikipedia/commons/thumb/f/f9/Knickerbocker_south_of_park.jpg/1920px-Knickerbocker_south_of_park.jpg,0.2,0.2,0.2,0.2,0.2,0.2,0.2,0.2,0.9,0.2,2,0,,45,morning,outdoor,38
red-hook,Red Hook,neighborhood,brooklyn,Red Hook,"Red Hook, New York, NY",40.6743,-74.01,"A cut-off waterfront neighborhood of cobbles and warehouses, with harbour views and no subway of its own.",https://upload.wikimedia.org/wikipedia/commons/thumb/b/b1/RH_Houses_East_Lorraine_eve_jeh.jpg/1920px-RH_Houses_East_Lorraine_eve_jeh.jpg,0.2,0.2,0.2,0.2,0.2,0.2,0.2,0.2,0.9,0.2,3,0,,75,morning,outdoor,43
park-slope,Park Slope,neighborhood,brooklyn,Park Slope,"Park Slope, New York, NY",40.671,-73.9814,"Brownstone blocks on the slope below Prospect Park, with Fifth Avenue shopping and a strong food street on Seventh.",https://upload.wikimedia.org/wikipedia/commons/thumb/a/a3/Park_Slope_-_Brooklyn_%2855268725540%29.jpg/1920px-Park_Slope_-_Brooklyn_%2855268725540%29.jpg,0.2,0.2,0.2,0.2,0.2,0.2,0.2,0.2,0.9,0.2,3,0,,105,morning,outdoor,48
coney-island,Coney Island,landmark,brooklyn,Coney Island,"Coney Island, New York, NY",40.5755,-73.9707,"The original seaside amusement district, with the Cyclone, the Wonder Wheel and Nathan's on Surf Avenue.",https://upload.wikimedia.org/wikipedia/commons/thumb/f/f0/Coney_Island_beach_and_amusement_parks_%28June_2016%29.jpg/1920px-Coney_Island_beach_and_amusement_parks_%28June_2016%29.jpg,0.9,0.2,0.2,0.2,0.2,0.2,0.9,0.2,0.5,0.2,3,0,,135,morning,outdoor,53
smorgasburg,Smorgasburg,market,brooklyn,Williamsburg,"Williamsburg, New York, NY",40.722,-73.9615,"An open-air food market of around a hundred vendors, running weekends from spring through autumn on the waterfront.",https://upload.wikimedia.org/wikipedia/commons/thumb/d/df/Cooking_Channel_at_Smorgasburg_34_%287509703888%29.jpg/1920px-Cooking_Channel_at_Smorgasburg_34_%287509703888%29.jpg,0.2,0.2,0.2,0.9,0.2,0.9,0.2,0.2,0.4,0.2,3,1,18.00,165,afternoon,indoor,58
brooklyn-flea,Brooklyn Flea,market,brooklyn,DUMBO,"DUMBO, New York, NY",40.7027,-73.9873,"Weekend stalls of antiques, vintage clothing and salvage, held under the Manhattan Bridge archway in DUMBO.",https://upload.wikimedia.org/wikipedia/commons/thumb/7/78/Brooklyn_Flea_Fort_Greene.jpg/1920px-Brooklyn_Flea_Fort_Greene.jpg,0.2,0.2,0.2,0.9,0.2,0.9,0.2,0.2,0.4,0.2,4,2,36.00,195,afternoon,indoor,63
dekalb-market-hall,DeKalb Market Hall,market,brooklyn,Downtown Brooklyn,"Downtown Brooklyn, New York, NY",40.6903,-73.9832,"Forty vendors underground in Downtown Brooklyn, including an outpost of the original Katz's pastrami counter.",https://upload.wikimedia.org/wikipedia/commons/thumb/d/dd/Brooklyn_skyline.jpg/1920px-Brooklyn_skyline.jpg,0.2,0.2,0.2,0.9,0.2,0.9,0.2,0.2,0.6,0.2,2,1,18.00,45,afternoon,indoor,38
industry-city,Industry City,market,brooklyn,Sunset Park,"Sunset Park, New York, NY",40.656,-74.01,"Six million square feet of converted Sunset Park warehouses holding food halls, makers and design studios.",https://upload.wikimedia.org/wikipedia/commons/thumb/a/a9/Bush_Terminal_-_North_aerial_-_1958.jpg/1920px-Bush_Terminal_-_North_aerial_-_1958.jpg,0.2,0.2,0.2,0.9,0.2,0.9,0.2,0.2,0.6,0.2,3,2,36.00,75,afternoon,indoor,43
brooklyn-academy-of-music,Brooklyn Academy of Music,theater,brooklyn,Fort Greene,"Fort Greene, New York, NY",40.6863,-73.9776,"America's oldest operating performing arts centre, programming opera, dance and the Next Wave festival.",https://upload.wikimedia.org/wikipedia/commons/thumb/8/87/Brooklyn_Academy_of_Music_%28BAM%29_%2848228024996%29.jpg/1920px-Brooklyn_Academy_of_Music_%28BAM%29_%2848228024996%29.jpg,0.2,0.9,0.2,0.2,0.9,0.2,0.2,0.2,0.5,0.2,3,3,54.00,105,afternoon,indoor,48
st-ann-s-warehouse,St. Ann's Warehouse,theater,brooklyn,DUMBO,"DUMBO, New York, NY",40.703,-73.993,"Experimental theatre in a converted tobacco warehouse, with a walled garden open to the public beside it.",https://upload.wikimedia.org/wikipedia/commons/3/31/St._Ann%27s_Warehouse_in_Brooklyn.jpg,0.2,0.9,0.2,0.2,0.9,0.2,0.2,0.2,0.5,0.2,3,3,54.00,135,afternoon,indoor,53
kings-theatre,Kings Theatre,theater,brooklyn,Flatbush,"Flatbush, New York, NY",40.6489,-73.9576,"A 1929 Loew's Wonder Theatre in Flatbush, restored to its full gilded interior and booking touring acts.",https://upload.wikimedia.org/wikipedia/commons/thumb/d/d3/Kings_Theatre_Flatbush_finished_jeh.jpg/1920px-Kings_Theatre_Flatbush_finished_jeh.jpg,0.2,0.9,0.2,0.2,0.9,0.2,0.2,0.2,0.4,0.2,3,3,54.00,165,afternoon,indoor,58
barclays-center,Barclays Center,sports_venue,brooklyn,Prospect Heights,"Prospect Heights, New York, NY",40.6826,-73.9754,"The weathered-steel arena at Atlantic Terminal, home to the Nets and a regular concert stop.",https://upload.wikimedia.org/wikipedia/commons/thumb/c/c8/Barclays_Center_-_2026_%2855268559424%29.jpg/1920px-Barclays_Center_-_2026_%2855268559424%29.jpg,0.2,0.2,0.2,0.2,0.2,0.2,0.2,0.9,0.4,0.2,4,3,54.00,195,afternoon,outdoor,63
pioneer-works,Pioneer Works,gallery,brooklyn,Red Hook,"Red Hook, New York, NY",40.6759,-74.0116,"A Red Hook ironworks turned arts and science centre, with a triple height main hall and a free garden.",https://upload.wikimedia.org/wikipedia/commons/thumb/2/26/The_Intercourse_interior%2C_Exquisite_Corpse_2012.jpg/1920px-The_Intercourse_interior%2C_Exquisite_Corpse_2012.jpg,0.2,0.9,0.2,0.2,0.2,0.2,0.2,0.2,0.6,0.2,2,0,,45,morning,indoor,38
prospect-park-bandshell,Prospect Park Bandshell,venue,brooklyn,Prospect Park,"Prospect Park, New York, NY",40.662,-73.979,The outdoor stage that hosts the free BRIC Celebrate Brooklyn summer concert season inside Prospect Park.,https://upload.wikimedia.org/wikipedia/commons/thumb/3/3a/Prospect_Park_New_York_October_2015_003.jpg/1920px-Prospect_Park_New_York_October_2015_003.jpg,0.2,0.2,0.2,0.2,0.9,0.2,0.2,0.2,0.6,0.2,3,3,54.00,75,afternoon,indoor,43
coney-island-boardwalk,Coney Island Boardwalk,waterfront,brooklyn,Coney Island,"Coney Island, New York, NY",40.5723,-73.9793,"Two and a half miles of boardwalk along the Atlantic, running from Sea Gate past the aquarium to Brighton Beach.",https://upload.wikimedia.org/wikipedia/commons/thumb/6/62/%D0%9F%D1%80%D0%BE%D0%BC%D0%B5%D0%BD%D0%B0%D0%B4_%D0%97%D0%B0%D0%BA%D1%83%D1%81%D0%BE%D1%87%D0%BD%D1%8B%D0%B91.jpg/1920px-%D0%9F%D1%80%D0%BE%D0%BC%D0%B5%D0%BD%D0%B0%D0%B4_%D0%97%D0%B0%D0%BA%D1%83%D1%81%D0%BE%D1%87%D0%BD%D1%8B%D0%B91.jpg,0.2,0.2,0.9,0.2,0.2,0.2,0.2,0.2,0.5,0.2,3,0,,105,morning,outdoor,48
verrazzano-narrows-bridge,Verrazzano-Narrows Bridge,bridge,brooklyn,Bay Ridge,"Bay Ridge, New York, NY",40.6066,-74.0447,"The double-deck suspension span across the Narrows to Staten Island, and the starting line of the city marathon.",https://upload.wikimedia.org/wikipedia/commons/thumb/7/72/Verrazano_Bridge2.jpg/1920px-Verrazano_Bridge2.jpg,0.2,0.2,0.2,0.2,0.2,0.2,0.9,0.9,0.5,0.2,3,0,,135,morning,outdoor,53
moma-ps1,MoMA PS1,museum,queens,Long Island City,"Long Island City, New York, NY",40.7455,-73.9475,"MoMA's contemporary wing in a former Long Island City schoolhouse, with the Warm Up music series in the courtyard.",https://upload.wikimedia.org/wikipedia/commons/thumb/2/28/MoMA_PS1_logo.svg/1920px-MoMA_PS1_logo.svg.png,0.2,0.9,0.2,0.2,0.2,0.2,0.2,0.2,0.4,0.2,3,2,36.00,165,afternoon,indoor,58
museum-of-the-moving-image,Museum of the Moving Image,museum,queens,Astoria,"Astoria, New York, NY",40.7565,-73.9243,"Film, television and video game history on the Astoria studio lot, including a Jim Henson gallery.",https://upload.wikimedia.org/wikipedia/commons/thumb/5/58/Museum_of_Moving_Image_logo.svg/1920px-Museum_of_Moving_Image_logo.svg.png,0.2,0.9,0.2,0.2,0.2,0.2,0.2,0.2,0.4,0.2,4,2,36.00,195,afternoon,indoor,63
queens-museum,Queens Museum,museum,queens,Flushing Meadows,"Flushing Meadows, New York, NY",40.7458,-73.8467,"Home to the Panorama of the City of New York, a 9,335 square foot scale model built for the 1964 World's Fair.",https://upload.wikimedia.org/wikipedia/commons/thumb/c/c8/Queens_Museum-1.jpg/1920px-Queens_Museum-1.jpg,0.2,0.9,0.2,0.2,0.2,0.2,0.2,0.2,0.6,0.2,2,2,36.00,45,afternoon,indoor,38
new-york-hall-of-science,New York Hall of Science,museum,queens,Flushing Meadows,"Flushing Meadows, New York, NY",40.7476,-73.8524,"A hands-on science museum in a 1964 World's Fair pavilion, with a large outdoor science playground.",https://upload.wikimedia.org/wikipedia/commons/thumb/3/3c/New_York_Hall_of_Science_Logo.svg/1920px-New_York_Hall_of_Science_Logo.svg.png,0.2,0.9,0.2,0.2,0.2,0.2,0.2,0.2,0.6,0.2,3,2,36.00,75,afternoon,indoor,43
the-noguchi-museum,The Noguchi Museum,museum,queens,Long Island City,"Long Island City, New York, NY",40.7681,-73.9364,"Isamu Noguchi's own museum and sculpture garden, arranged across a converted photo-engraving plant.",https://upload.wikimedia.org/wikipedia/commons/thumb/c/cd/Wikist_aces_0087.jpg/1920px-Wikist_aces_0087.jpg,0.2,0.9,0.2,0.2,0.2,0.2,0.2,0.2,0.5,0.2,3,2,36.00,105,afternoon,indoor,48
socrates-sculpture-park,Socrates Sculpture Park,park,queens,Astoria,"Astoria, New York, NY",40.7699,-73.9366,"A former landfill turned open-air studio and exhibition space on the East River, free and open every day.",https://upload.wikimedia.org/wikipedia/commons/b/bc/Socrates_Sculpture_Park_logo.png,0.2,0.2,0.9,0.2,0.2,0.2,0.2,0.2,0.5,0.9,3,0,,135,morning,outdoor,53
flushing-meadows-corona-park,Flushing Meadows Corona Park,park,queens,Flushing Meadows,"Flushing Meadows, New York, NY",40.74,-73.8407,"The 1939 and 1964 World's Fair grounds, now the borough's largest park, holding the Unisphere and two museums.",https://upload.wikimedia.org/wikipedia/commons/0/0e/Flushing_Meadows%E2%80%93Corona_Park.jpg,0.2,0.2,0.9,0.2,0.2,0.2,0.2,0.2,0.4,0.9,3,0,,165,morning,outdoor,58
gantry-plaza-state-park,Gantry Plaza State Park,park,queens,Long Island City,"Long Island City, New York, NY",40.7472,-73.9585,"Restored rail gantries on the Long Island City waterfront, with piers facing the midtown skyline across the river.",https://upload.wikimedia.org/wikipedia/commons/thumb/0/0f/Gantry_Plaza_State_Park_Long_Island_City_01_%289431668991%29.jpg/1920px-Gantry_Plaza_State_Park_Long_Island_City_01_%289431668991%29.jpg,0.2,0.2,0.9,0.2,0.2,0.2,0.2,0.2,0.4,0.9,4,0,,195,morning,outdoor,63
astoria-park,Astoria Park,park,queens,Astoria,"Astoria, New York, NY",40.7787,-73.9235,"Sloping lawns between the Triborough and Hell Gate bridges, with the largest and oldest public pool in the city.",https://upload.wikimedia.org/wikipedia/commons/thumb/6/63/Astoria_Park_jeh.JPG/1920px-Astoria_Park_jeh.JPG,0.2,0.2,0.9,0.2,0.2,0.2,0.2,0.2,0.6,0.9,2,0,,45,morning,outdoor,38
forest-park,Forest Park,park,queens,Forest Hills,"Forest Hills, New York, NY",40.702,-73.856,"538 acres over a glacial moraine, holding one of the last continuous oak forests left in Queens.",https://upload.wikimedia.org/wikipedia/commons/thumb/9/98/Forparktheaterjeh.JPG/1920px-Forparktheaterjeh.JPG,0.2,0.2,0.9,0.2,0.2,0.2,0.2,0.2,0.6,0.9,3,0,,75,morning,outdoor,43
queens-botanical-garden,Queens Botanical Garden,garden,queens,Flushing,"Flushing, New York, NY",40.7513,-73.828,"Thirty-nine acres built around a rose garden and a wedding garden, with a LEED-platinum visitor centre.",https://upload.wikimedia.org/wikipedia/commons/thumb/6/6b/Entrance_Plaza%2C_Queens_Botanical_Garden.jpg/1920px-Entrance_Plaza%2C_Queens_Botanical_Garden.jpg,0.2,0.2,0.9,0.2,0.2,0.2,0.2,0.2,0.5,0.9,3,0,,105,morning,outdoor,48
jamaica-bay-wildlife-refuge,Jamaica Bay Wildlife Refuge,tour_experience,queens,Broad Channel,"Broad Channel, New York, NY",40.618,-73.824,"A federal refuge inside the city limits, on the Atlantic flyway, where over three hundred bird species have been recorded.",https://upload.wikimedia.org/wikipedia/commons/thumb/8/81/Jamaica_Bay_Wildlife_Refuge_visitor_center.jpg/1920px-Jamaica_Bay_Wildlife_Refuge_visitor_center.jpg,0.9,0.2,0.2,0.2,0.2,0.2,0.2,0.2,0.5,0.9,3,2,36.00,135,afternoon,outdoor,53
louis-armstrong-house-museum,Louis Armstrong House Museum,historic_site,queens,Corona,"Corona, New York, NY",40.7546,-73.8615,"The Corona house Armstrong lived in from 1943 until his death, kept with its original interiors and tape archive.",https://upload.wikimedia.org/wikipedia/commons/thumb/5/5f/Louis_Armstrong_House_02_%28cropped%29.jpg/1920px-Louis_Armstrong_House_02_%28cropped%29.jpg,0.9,0.2,0.2,0.2,0.2,0.2,0.2,0.2,0.4,0.2,3,0,,165,morning,outdoor,58
bowne-house,Bowne House,historic_site,queens,Flushing,"Flushing, New York, NY",40.7663,-73.8265,"A 1661 Quaker farmhouse tied to the Flushing Remonstrance, an early American argument for religious liberty.",https://upload.wikimedia.org/wikipedia/commons/thumb/4/45/Bowne_House_2018.JPG/1920px-Bowne_House_2018.JPG,0.9,0.2,0.2,0.2,0.2,0.2,0.2,0.2,0.4,0.2,4,0,,195,morning,outdoor,63
king-manor-museum,King Manor Museum,historic_site,queens,Jamaica,"Jamaica, New York, NY",40.7017,-73.7996,"The Jamaica home of Rufus King, a signer of the Constitution and an early campaigner against slavery.",https://upload.wikimedia.org/wikipedia/commons/thumb/7/79/Rufus_King_Manor_20241008_123425.jpg/1920px-Rufus_King_Manor_20241008_123425.jpg,0.9,0.2,0.2,0.2,0.2,0.2,0.2,0.2,0.6,0.2,2,0,,45,morning,outdoor,38
unisphere,Unisphere,landmark,queens,Flushing Meadows,"Flushing Meadows, New York, NY",40.7458,-73.8451,"The twelve-storey stainless steel globe built as the theme symbol of the 1964 World's Fair, ringed by fountains.",https://upload.wikimedia.org/wikipedia/commons/thumb/f/f8/Unisphere-2_%2827835155267%29.jpg/1920px-Unisphere-2_%2827835155267%29.jpg,0.9,0.2,0.2,0.2,0.2,0.2,0.9,0.2,0.6,0.2,3,0,,75,morning,outdoor,43
new-york-state-pavilion,New York State Pavilion,landmark,queens,Flushing Meadows,"Flushing Meadows, New York, NY",40.744,-73.8446,"Philip Johnson's ruined World's Fair pavilion, its Tent of Tomorrow towers still standing over the park.",https://upload.wikimedia.org/wikipedia/commons/2/24/1964%E2%80%931965_New_York_World%27s_Fair_New_York_State_Pavilion-2.jpg,0.9,0.2,0.2,0.2,0.2,0.2,0.9,0.2,0.5,0.2,3,0,,105,morning,outdoor,48
astoria,Astoria,neighborhood,queens,Astoria,"Astoria, New York, NY",40.7644,-73.9235,"A long-standing Greek neighborhood now layered with Egyptian, Bangladeshi and Balkan food along Steinway Street.",https://upload.wikimedia.org/wikipedia/commons/thumb/9/90/2023-02-12-Newtown_Ave_29th_St.jpg/1920px-2023-02-12-Newtown_Ave_29th_St.jpg,0.2,0.2,0.2,0.2,0.2,0.2,0.2,0.2,0.9,0.2,3,0,,135,morning,outdoor,53
jackson-heights,Jackson Heights,neighborhood,queens,Jackson Heights,"Jackson Heights, New York, NY",40.7557,-73.8831,"Garden apartment blocks and one of the most linguistically diverse square miles on earth, along Roosevelt Avenue.",https://upload.wikimedia.org/wikipedia/commons/thumb/1/14/74th_St_shopping_Jax_Hts_jeh.jpg/1920px-74th_St_shopping_Jax_Hts_jeh.jpg,0.2,0.2,0.2,0.2,0.2,0.2,0.2,0.2,0.9,0.2,3,0,,165,morning,outdoor,58
flushing-chinatown,Flushing Chinatown,neighborhood,queens,Flushing,"Flushing, New York, NY",40.759,-73.83,"The largest Chinatown outside Manhattan, centred on Main Street, with regional food courts in the basements.",https://upload.wikimedia.org/wikipedia/commons/b/b4/Flushing%2C_Queens%2C_NY%2C_USA_-_panoramio_%281%29.jpg,0.2,0.2,0.2,0.2,0.2,0.2,0.2,0.2,0.9,0.2,4,0,,195,morning,outdoor,63
rockaway-beach,Rockaway Beach,waterfront,queens,Rockaway,"Rockaway, New York, NY",40.5834,-73.8154,"Seven miles of Atlantic surf beach reachable by subway, with the only legal surfing breaks in the city.",https://upload.wikimedia.org/wikipedia/commons/thumb/b/b9/Rockaway_Beach_Queens.JPG/1920px-Rockaway_Beach_Queens.JPG,0.2,0.2,0.9,0.2,0.2,0.2,0.2,0.2,0.8,0.2,1,0,,45,morning,outdoor,18
hunter-s-point-south-park,Hunter's Point South Park,waterfront,queens,Long Island City,"Long Island City, New York, NY",40.7418,-73.9613,"A resilient waterfront park of salt marsh and lawn, designed to flood, facing the United Nations across the river.",https://upload.wikimedia.org/wikipedia/commons/thumb/8/8c/EastRiverHuntersPoint20231024_112902%280%29.jpg/1920px-EastRiverHuntersPoint20231024_112902%280%29.jpg,0.2,0.2,0.9,0.2,0.2,0.2,0.2,0.2,0.8,0.2,2,0,,75,morning,outdoor,21
queens-night-market,Queens Night Market,market,queens,Flushing Meadows,"Flushing Meadows, New York, NY",40.747,-73.8517,"A Saturday evening market behind the Hall of Science, with scores of vendors capped at low fixed prices.",https://upload.wikimedia.org/wikipedia/commons/e/e1/QueensNightMarket_May2019.jpg,0.2,0.2,0.2,0.9,0.2,0.9,0.2,0.2,0.8,0.2,2,1,18.00,105,afternoon,indoor,24
usta-billie-jean-king-national-tennis-center,USTA Billie Jean King National Tennis Center,sports_venue,queens,Flushing,"Flushing, New York, NY",40.75,-73.8458,The largest public tennis facility in the world and the site of the US Open every summer.,https://upload.wikimedia.org/wikipedia/commons/thumb/0/0e/USTA_Billie_Jean_King_National_Tennis_Center_%2848613535076%29.jpg/1920px-USTA_Billie_Jean_King_National_Tennis_Center_%2848613535076%29.jpg,0.2,0.2,0.2,0.2,0.2,0.2,0.2,0.9,0.7,0.2,2,3,54.00,135,afternoon,outdoor,27
sculpturecenter,SculptureCenter,gallery,queens,Long Island City,"Long Island City, New York, NY",40.7476,-73.9502,"A Maya Lin-renovated trolley repair shop in Long Island City, showing emerging sculptors in raw industrial rooms.",https://upload.wikimedia.org/wikipedia/commons/thumb/5/54/SculptureCenter%27s_New_Building.jpg/1920px-SculptureCenter%27s_New_Building.jpg,0.2,0.9,0.2,0.2,0.2,0.2,0.2,0.2,0.7,0.2,2,0,,165,morning,indoor,30
bronx-museum-of-the-arts,Bronx Museum of the Arts,museum,bronx,Concourse,"Concourse, New York, NY",40.8306,-73.92,"Contemporary art on the Grand Concourse with a focus on Bronx artists, free to enter every day it opens.",https://upload.wikimedia.org/wikipedia/commons/thumb/d/d7/Bronx_Museum_Art_jeh.JPG/1920px-Bronx_Museum_Art_jeh.JPG,0.2,0.9,0.2,0.2,0.2,0.2,0.2,0.2,0.8,0.2,1,2,36.00,195,afternoon,indoor,18
wave-hill,Wave Hill,garden,bronx,Riverdale,"Riverdale, New York, NY",40.8976,-73.9145,"A public garden and estate above the Hudson, with a pergola looking across to the New Jersey Palisades.",https://upload.wikimedia.org/wikipedia/commons/thumb/5/55/Wave_hill_house%2C_August_2019.jpg/1920px-Wave_hill_house%2C_August_2019.jpg,0.2,0.2,0.9,0.2,0.2,0.2,0.2,0.2,0.8,0.9,2,0,,45,morning,outdoor,21
new-york-botanical-garden,New York Botanical Garden,garden,bronx,Bedford Park,"Bedford Park, New York, NY",40.8623,-73.877,"250 acres holding a Victorian glasshouse, a fifty-acre old-growth forest and the country's largest herbarium.",https://upload.wikimedia.org/wikipedia/commons/8/8a/The_New_York_Botanical_Garden_Visitor_Center.jpg,0.2,0.2,0.9,0.2,0.2,0.2,0.2,0.2,0.8,0.9,2,0,,75,morning,outdoor,24
bronx-zoo,Bronx Zoo,tour_experience,bronx,Belmont,"Belmont, New York, NY",40.8506,-73.877,"The largest metropolitan zoo in the country, with the Congo Gorilla Forest and a monorail through Wild Asia.",https://upload.wikimedia.org/wikipedia/commons/thumb/7/7a/Bronx_Zoo_001.jpg/1920px-Bronx_Zoo_001.jpg,0.9,0.2,0.2,0.2,0.2,0.2,0.2,0.2,0.7,0.9,2,2,36.00,105,afternoon,outdoor,27
van-cortlandt-park,Van Cortlandt Park,park,bronx,Van Cortlandt Village,"Van Cortlandt Village, New York, NY",40.8976,-73.886,"Over a thousand acres of forest, freshwater lake and the oldest public golf course in the United States.",https://upload.wikimedia.org/wikipedia/commons/thumb/f/f7/Entrance_To_Van_Cortlandt_Park_2012.jpg/1920px-Entrance_To_Van_Cortlandt_Park_2012.jpg,0.2,0.2,0.9,0.2,0.2,0.2,0.2,0.2,0.7,0.9,2,0,,135,morning,outdoor,30
pelham-bay-park,Pelham Bay Park,park,bronx,Pelham Bay,"Pelham Bay, New York, NY",40.8671,-73.806,"The city's largest park at three times the size of Central Park, with salt marsh, woodland and a public beach.",https://upload.wikimedia.org/wikipedia/commons/thumb/7/73/Pelhambay1.jpg/1920px-Pelhambay1.jpg,0.2,0.2,0.9,0.2,0.2,0.2,0.2,0.2,0.8,0.9,1,0,,165,morning,outdoor,18
bronx-documentary-center,Bronx Documentary Center,gallery,bronx,Melrose,"Melrose, New York, NY",40.818,-73.92,A nonprofit gallery in Melrose showing documentary photography and running free classes for local students.,https://upload.wikimedia.org/wikipedia/commons/thumb/f/f7/City_Island_and_Hart_Island%2C_Bronx_NY.jpg/1920px-City_Island_and_Hart_Island%2C_Bronx_NY.jpg,0.2,0.9,0.2,0.2,0.2,0.2,0.2,0.2,0.8,0.2,2,0,,195,morning,indoor,21
edgar-allan-poe-cottage,Edgar Allan Poe Cottage,historic_site,bronx,Fordham,"Fordham, New York, NY",40.8654,-73.8946,"The small wooden cottage where Poe spent his last years and wrote Annabel Lee, kept in Poe Park.",https://upload.wikimedia.org/wikipedia/commons/thumb/9/99/Edgar_Allan_Poe%27s_house_in_the_Bronx.jpg/1920px-Edgar_Allan_Poe%27s_house_in_the_Bronx.jpg,0.9,0.2,0.2,0.2,0.2,0.2,0.2,0.2,0.8,0.2,2,0,,45,morning,outdoor,24
bartow-pell-mansion-museum,Bartow-Pell Mansion Museum,historic_site,bronx,Pelham Bay,"Pelham Bay, New York, NY",40.8724,-73.8047,"An 1842 Greek Revival country house in Pelham Bay Park, with a walled terrace garden running down to the sound.",https://upload.wikimedia.org/wikipedia/commons/thumb/b/bd/Bartow-pell-mansion.jpg/1920px-Bartow-pell-mansion.jpg,0.9,0.2,0.2,0.2,0.2,0.2,0.2,0.2,0.7,0.2,2,0,,75,morning,outdoor,27
woodlawn-cemetery,Woodlawn Cemetery,historic_site,bronx,Woodlawn,"Woodlawn, New York, NY",40.889,-73.873,"A National Historic Landmark burial ground where Duke Ellington, Miles Davis and Herman Melville are buried.",https://upload.wikimedia.org/wikipedia/commons/thumb/5/55/Woodlawn_north_gate_jeh.JPG/1920px-Woodlawn_north_gate_jeh.JPG,0.9,0.2,0.2,0.2,0.2,0.2,0.2,0.2,0.7,0.2,2,0,,105,morning,outdoor,30
yankee-stadium,Yankee Stadium,sports_venue,bronx,Concourse,"Concourse, New York, NY",40.8296,-73.9262,"The 2009 stadium beside the original site, with Monument Park behind centre field honouring retired numbers.",https://upload.wikimedia.org/wikipedia/commons/thumb/a/af/Yankee_Stadium_overhead_2010.jpg/1920px-Yankee_Stadium_overhead_2010.jpg,0.2,0.2,0.2,0.2,0.2,0.2,0.2,0.9,0.8,0.2,1,3,54.00,135,afternoon,outdoor,18
orchard-beach,Orchard Beach,waterfront,bronx,Pelham Bay,"Pelham Bay, New York, NY",40.8676,-73.792,"A mile-long crescent of sand built by Robert Moses in Pelham Bay Park, with a colonnaded bathhouse behind it.",https://upload.wikimedia.org/wikipedia/commons/thumb/9/90/Orchardbeachny2.jpg/1920px-Orchardbeachny2.jpg,0.2,0.2,0.9,0.2,0.2,0.2,0.2,0.2,0.8,0.2,2,0,,165,morning,outdoor,21
city-island,City Island,neighborhood,bronx,City Island,"City Island, New York, NY",40.8465,-73.787,"A former shipbuilding village a mile and a half long, reached by one bridge and lined with seafood houses.",https://upload.wikimedia.org/wikipedia/commons/thumb/f/f7/City_Island_and_Hart_Island%2C_Bronx_NY.jpg/1920px-City_Island_and_Hart_Island%2C_Bronx_NY.jpg,0.2,0.2,0.2,0.2,0.2,0.2,0.2,0.2,0.9,0.2,2,0,,195,morning,outdoor,24
arthur-avenue-retail-market,Arthur Avenue Retail Market,market,bronx,Belmont,"Belmont, New York, NY",40.8546,-73.8869,"An indoor market built in 1940 at the centre of the Belmont Italian quarter, with butchers, bakers and cheese stalls.",https://upload.wikimedia.org/wikipedia/commons/thumb/0/0d/Arthur_Avenue_between_184th_and_186th_Street_in_the_Bronx%2C_New_York_City_001_crop.jpg/1920px-Arthur_Avenue_between_184th_and_186th_Street_in_the_Bronx%2C_New_York_City_001_crop.jpg,0.2,0.2,0.2,0.9,0.2,0.9,0.2,0.2,0.7,0.2,2,1,18.00,45,afternoon,indoor,27
the-high-bridge,The High Bridge,bridge,bronx,Highbridge,"Highbridge, New York, NY",40.842,-73.9297,"The oldest surviving bridge in the city, an 1848 aqueduct span reopened as a footpath over the Harlem River.",https://upload.wikimedia.org/wikipedia/commons/thumb/0/0c/Hi_Bridge_%26_tower_from_Wash_Br_ramp_in_Bronx_jeh.jpg/1920px-Hi_Bridge_%26_tower_from_Wash_Br_ramp_in_Bronx_jeh.jpg,0.2,0.2,0.2,0.2,0.2,0.2,0.9,0.9,0.7,0.2,2,0,,75,morning,outdoor,30
staten-island-museum,Staten Island Museum,museum,staten_island,St. George,"St. George, New York, NY",40.6432,-74.1015,"The borough's museum of art, natural history and archives, now housed in a restored building at Snug Harbor.",https://upload.wikimedia.org/wikipedia/commons/4/46/SIMuseumEntrance.JPG,0.2,0.9,0.2,0.2,0.2,0.2,0.2,0.2,0.8,0.2,1,2,36.00,105,afternoon,indoor,18
national-lighthouse-museum,National Lighthouse Museum,museum,staten_island,St. George,"St. George, New York, NY",40.6398,-74.0725,"On the site of the former Lighthouse Depot at St George, telling the story of American lighthouse keeping.",https://upload.wikimedia.org/wikipedia/commons/5/5e/National_Lighthouse_Museum_Educational_Resource_Center.jpg,0.2,0.9,0.2,0.2,0.2,0.2,0.2,0.2,0.8,0.2,2,2,36.00,135,afternoon,indoor,21
snug-harbor-cultural-center,Snug Harbor Cultural Center,garden,staten_island,Livingston,"Livingston, New York, NY",40.6437,-74.102,"Eighty-three acres of Greek Revival buildings and botanical gardens, including a walled Chinese scholar's garden.",https://upload.wikimedia.org/wikipedia/commons/6/64/Sailors-snug-harbor.jpg,0.2,0.2,0.9,0.2,0.2,0.2,0.2,0.2,0.8,0.9,2,0,,165,morning,outdoor,24
staten-island-greenbelt,Staten Island Greenbelt,park,staten_island,New Springville,"New Springville, New York, NY",40.586,-74.137,"Two thousand eight hundred acres of connected woodland and wetland, with thirty-five miles of marked trail.",https://upload.wikimedia.org/wikipedia/commons/thumb/9/95/The_Greenbelt%2C_a_series_of_parks_and_trails_in_central_Staten_Island%2C_NY_.jpg/1920px-The_Greenbelt%2C_a_series_of_parks_and_trails_in_central_Staten_Island%2C_NY_.jpg,0.2,0.2,0.9,0.2,0.2,0.2,0.2,0.2,0.7,0.9,2,0,,195,morning,outdoor,27
conference-house-park,Conference House Park,historic_site,staten_island,Tottenville,"Tottenville, New York, NY",40.499,-74.252,"The southernmost point of New York State, with a 1680 manor house where a failed 1776 peace conference was held.",https://upload.wikimedia.org/wikipedia/commons/7/7b/Conference-house-staten-island.jpg,0.9,0.2,0.2,0.2,0.2,0.2,0.2,0.2,0.7,0.2,2,0,,45,morning,outdoor,30
alice-austen-house,Alice Austen House,historic_site,staten_island,Rosebank,"Rosebank, New York, NY",40.6152,-74.063,"The waterfront cottage of a pioneering woman photographer, looking across the Narrows to Brooklyn.",https://upload.wikimedia.org/wikipedia/commons/thumb/f/ff/Clear_Comfort_01.jpg/1920px-Clear_Comfort_01.jpg,0.9,0.2,0.2,0.2,0.2,0.2,0.2,0.2,0.8,0.2,1,0,,75,morning,outdoor,18
fort-wadsworth,Fort Wadsworth,historic_site,staten_island,Rosebank,"Rosebank, New York, NY",40.603,-74.057,"One of the oldest military sites in the country, under the Verrazzano approach, with batteries open to walk through.",https://upload.wikimedia.org/wikipedia/commons/thumb/e/e3/Fort_Wadsworth_01.jpg/1920px-Fort_Wadsworth_01.jpg,0.9,0.2,0.2,0.2,0.2,0.2,0.2,0.2,0.8,0.2,2,0,,105,morning,outdoor,21
st-george,St. George,neighborhood,staten_island,St. George,"St. George, New York, NY",40.6437,-74.0765,"The ferry landing neighborhood, with a ballpark, a courthouse district and the best free harbour view in the city.",https://upload.wikimedia.org/wikipedia/commons/thumb/b/bd/Hotel_St._George_%2855268723105%29.jpg/1920px-Hotel_St._George_%2855268723105%29.jpg,0.2,0.2,0.2,0.2,0.2,0.2,0.2,0.2,0.9,0.2,2,0,,135,morning,outdoor,24
south-beach,South Beach,waterfront,staten_island,South Beach,"South Beach, New York, NY",40.596,-74.067,"Two and a half miles of Atlantic boardwalk named for FDR, facing Brooklyn across the Lower Bay.",https://upload.wikimedia.org/wikipedia/commons/thumb/3/36/F_Capodanno_Bl_South_Beach_td_04.jpg/1920px-F_Capodanno_Bl_South_Beach_td_04.jpg,0.2,0.2,0.9,0.2,0.2,0.2,0.2,0.2,0.7,0.2,2,0,,165,morning,outdoor,27
staten-island-ferry,Staten Island Ferry,tour_experience,staten_island,St. George,"St. George, New York, NY",40.6437,-74.0724,"A free twenty-five minute crossing running around the clock, passing close by the Statue of Liberty each way.",https://upload.wikimedia.org/wikipedia/commons/0/06/Spirit_of_America_-_Staten_Island_Ferry.jpg,0.9,0.2,0.2,0.2,0.2,0.2,0.2,0.2,0.7,0.9,2,2,36.00,195,afternoon,outdoor,30
